"BehaviorSpace results (NetLogo 6.4.0)","Spreadsheet version 2.0"
"trabalho_fim.nlogo"
"Tabela 4"
"10/20/2024 16:40:04:520 +0100"
"min-pxcor","max-pxcor","min-pycor","max-pycor"
"0","32","0","32"
"[run number]","1","1","1","2","2","2","3","3","3","4","4","4","5","5","5","6","6","6","7","7","7","8","8","8","9","9","9","10","10","10","11","11","11","12","12","12","13","13","13","14","14","14","15","15","15","16","16","16","17","17","17","18","18","18","19","19","19","20","20","20","21","21","21","22","22","22","23","23","23","24","24","24","25","25","25","26","26","26","27","27","27","28","28","28","29","29","29","30","30","30","31","31","31","32","32","32","33","33","33","34","34","34","35","35","35","36","36","36","37","37","37","38","38","38","39","39","39","40","40","40","41","41","41","42","42","42","43","43","43","44","44","44","45","45","45","46","46","46","47","47","47","48","48","48","49","49","49","50","50","50","51","51","51","52","52","52","53","53","53","54","54","54","55","55","55","56","56","56","57","57","57","58","58","58","59","59","59","60","60","60","61","61","61","62","62","62","63","63","63","64","64","64","65","65","65","66","66","66","67","67","67","68","68","68","69","69","69","70","70","70","71","71","71","72","72","72","73","73","73","74","74","74","75","75","75","76","76","76","77","77","77","78","78","78","79","79","79","80","80","80","81","81","81","82","82","82","83","83","83","84","84","84","85","85","85","86","86","86","87","87","87","88","88","88","89","89","89","90","90","90","91","91","91","92","92","92","93","93","93","94","94","94","95","95","95","96","96","96","97","97","97","98","98","98","99","99","99","100","100","100","101","101","101","102","102","102","103","103","103","104","104","104","105","105","105","106","106","106","107","107","107","108","108","108","109","109","109","110","110","110","111","111","111","112","112","112","113","113","113","114","114","114","115","115","115","116","116","116","117","117","117","118","118","118","119","119","119","120","120","120","121","121","121","122","122","122","123","123","123","124","124","124","125","125","125","126","126","126","127","127","127","128","128","128","129","129","129","130","130","130","131","131","131","132","132","132","133","133","133","134","134","134","135","135","135","136","136","136","137","137","137","138","138","138","139","139","139","140","140","140","141","141","141","142","142","142","143","143","143","144","144","144","145","145","145","146","146","146","147","147","147","148","148","148","149","149","149","150","150","150","151","151","151","152","152","152","153","153","153","154","154","154","155","155","155","156","156","156","157","157","157","158","158","158","159","159","159","160","160","160","161","161","161","162","162","162","163","163","163","164","164","164","165","165","165","166","166","166","167","167","167","168","168","168","169","169","169","170","170","170","171","171","171","172","172","172","173","173","173","174","174","174","175","175","175","176","176","176","177","177","177","178","178","178","179","179","179","180","180","180"
"num_carg","5",,,"5",,,"5",,,"5",,,"5",,,"5",,,"5",,,"5",,,"5",,,"5",,,"5",,,"5",,,"5",,,"5",,,"5",,,"5",,,"5",,,"5",,,"5",,,"5",,,"5",,,"5",,,"5",,,"5",,,"5",,,"5",,,"5",,,"5",,,"5",,,"5",,,"5",,,"5",,,"5",,,"5",,,"5",,,"5",,,"5",,,"5",,,"5",,,"5",,,"5",,,"5",,,"5",,,"5",,,"5",,,"5",,,"5",,,"5",,,"5",,,"5",,,"5",,,"5",,,"5",,,"5",,,"5",,,"5",,,"5",,,"5",,,"5",,,"5",,,"5",,,"5",,,"5",,,"5",,,"5",,,"5",,,"5",,,"5",,,"5",,,"5",,,"5",,,"5",,,"5",,,"5",,,"5",,,"5",,,"5",,,"5",,,"5",,,"5",,,"5",,,"5",,,"5",,,"5",,,"5",,,"5",,,"5",,,"5",,,"5",,,"5",,,"5",,,"5",,,"5",,,"5",,,"5",,,"5",,,"5",,,"5",,,"5",,,"5",,,"5",,,"5",,,"5",,,"5",,,"5",,,"5",,,"5",,,"5",,,"5",,,"5",,,"5",,,"5",,,"5",,,"5",,,"5",,,"5",,,"5",,,"5",,,"5",,,"5",,,"5",,,"5",,,"5",,,"5",,,"5",,,"5",,,"5",,,"5",,,"5",,,"5",,,"5",,,"5",,,"5",,,"5",,,"5",,,"5",,,"5",,,"5",,,"5",,,"5",,,"5",,,"5",,,"5",,,"5",,,"5",,,"5",,,"5",,,"5",,,"5",,,"5",,,"5",,,"5",,,"5",,,"5",,,"5",,,"5",,,"5",,,"5",,,"5",,,"5",,,"5",,,"5",,,"5",,,"5",,,"5",,,"5",,,"5",,,"5",,,"5",,,"5",,,"5",,,"5",,,"5",,,"5",,,"5",,,"5",,,"5",,,"5",,,"5",,,"5",,
"Objetos","50",,,"50",,,"50",,,"50",,,"50",,,"50",,,"50",,,"50",,,"50",,,"50",,,"50",,,"50",,,"50",,,"50",,,"50",,,"50",,,"50",,,"50",,,"50",,,"50",,,"50",,,"50",,,"50",,,"50",,,"50",,,"50",,,"50",,,"50",,,"50",,,"50",,,"50",,,"50",,,"50",,,"50",,,"50",,,"50",,,"50",,,"50",,,"50",,,"50",,,"50",,,"50",,,"50",,,"50",,,"50",,,"50",,,"50",,,"50",,,"50",,,"50",,,"50",,,"50",,,"50",,,"50",,,"50",,,"50",,,"50",,,"50",,,"50",,,"50",,,"50",,,"50",,,"50",,,"50",,,"50",,,"50",,,"50",,,"50",,,"50",,,"50",,,"50",,,"50",,,"50",,,"50",,,"50",,,"50",,,"50",,,"50",,,"50",,,"50",,,"50",,,"50",,,"50",,,"50",,,"50",,,"50",,,"50",,,"50",,,"50",,,"50",,,"50",,,"50",,,"50",,,"50",,,"50",,,"50",,,"50",,,"50",,,"50",,,"50",,,"50",,,"50",,,"50",,,"50",,,"50",,,"50",,,"50",,,"50",,,"50",,,"50",,,"50",,,"50",,,"50",,,"50",,,"50",,,"50",,,"50",,,"50",,,"50",,,"50",,,"50",,,"50",,,"50",,,"50",,,"50",,,"50",,,"50",,,"50",,,"50",,,"50",,,"50",,,"50",,,"50",,,"50",,,"50",,,"50",,,"50",,,"50",,,"50",,,"50",,,"50",,,"50",,,"50",,,"50",,,"50",,,"50",,,"50",,,"50",,,"50",,,"50",,,"50",,,"50",,,"50",,,"50",,,"50",,,"50",,,"50",,,"50",,,"50",,,"50",,,"50",,,"50",,,"50",,,"50",,,"50",,,"50",,,"50",,,"50",,,"50",,,"50",,,"50",,,"50",,,"50",,,"50",,,"50",,,"50",,,"50",,,"50",,,"50",,,"50",,
"bateria","50",,,"50",,,"50",,,"50",,,"50",,,"50",,,"50",,,"50",,,"50",,,"50",,,"50",,,"50",,,"50",,,"50",,,"50",,,"50",,,"50",,,"50",,,"50",,,"50",,,"50",,,"50",,,"50",,,"50",,,"50",,,"50",,,"50",,,"50",,,"50",,,"50",,,"50",,,"50",,,"50",,,"50",,,"50",,,"50",,,"50",,,"50",,,"50",,,"50",,,"50",,,"50",,,"50",,,"50",,,"50",,,"50",,,"50",,,"50",,,"50",,,"50",,,"50",,,"50",,,"50",,,"50",,,"50",,,"50",,,"50",,,"50",,,"50",,,"50",,,"50",,,"50",,,"50",,,"50",,,"50",,,"50",,,"50",,,"50",,,"50",,,"50",,,"50",,,"50",,,"50",,,"50",,,"50",,,"50",,,"50",,,"50",,,"50",,,"50",,,"50",,,"50",,,"50",,,"50",,,"50",,,"50",,,"50",,,"50",,,"50",,,"50",,,"50",,,"50",,,"50",,,"50",,,"50",,,"50",,,"50",,,"50",,,"50",,,"50",,,"50",,,"50",,,"50",,,"50",,,"50",,,"50",,,"50",,,"50",,,"50",,,"50",,,"50",,,"50",,,"50",,,"50",,,"50",,,"50",,,"50",,,"50",,,"50",,,"50",,,"50",,,"50",,,"50",,,"50",,,"50",,,"50",,,"50",,,"50",,,"50",,,"50",,,"50",,,"50",,,"50",,,"50",,,"50",,,"50",,,"50",,,"50",,,"50",,,"50",,,"50",,,"50",,,"50",,,"50",,,"50",,,"50",,,"50",,,"50",,,"50",,,"50",,,"50",,,"50",,,"50",,,"50",,,"50",,,"50",,,"50",,,"50",,,"50",,,"50",,,"50",,,"50",,,"50",,,"50",,,"50",,,"50",,,"50",,,"50",,,"50",,,"50",,,"50",,,"50",,,"50",,,"50",,,"50",,,"50",,,"50",,,"50",,,"50",,,"50",,
"robo-autoeficiente?","false",,,"false",,,"false",,,"false",,,"false",,,"false",,,"false",,,"false",,,"false",,,"false",,,"false",,,"false",,,"false",,,"false",,,"false",,,"false",,,"false",,,"false",,,"false",,,"false",,,"false",,,"false",,,"false",,,"false",,,"false",,,"false",,,"false",,,"false",,,"false",,,"false",,,"false",,,"false",,,"false",,,"false",,,"false",,,"false",,,"false",,,"false",,,"false",,,"false",,,"false",,,"false",,,"false",,,"false",,,"false",,,"false",,,"false",,,"false",,,"false",,,"false",,,"false",,,"false",,,"false",,,"false",,,"false",,,"false",,,"false",,,"false",,,"false",,,"false",,,"false",,,"false",,,"false",,,"false",,,"false",,,"false",,,"false",,,"false",,,"false",,,"false",,,"false",,,"false",,,"false",,,"false",,,"false",,,"false",,,"false",,,"false",,,"false",,,"false",,,"false",,,"false",,,"false",,,"false",,,"false",,,"false",,,"false",,,"false",,,"false",,,"false",,,"false",,,"false",,,"false",,,"false",,,"false",,,"false",,,"false",,,"false",,,"false",,,"false",,,"false",,,"false",,,"false",,,"false",,,"false",,,"false",,,"false",,,"false",,,"false",,,"false",,,"false",,,"false",,,"false",,,"false",,,"false",,,"false",,,"false",,,"false",,,"false",,,"false",,,"false",,,"false",,,"false",,,"false",,,"false",,,"false",,,"false",,,"false",,,"false",,,"false",,,"false",,,"false",,,"false",,,"false",,,"false",,,"false",,,"false",,,"false",,,"false",,,"false",,,"false",,,"false",,,"false",,,"false",,,"false",,,"false",,,"false",,,"false",,,"false",,,"false",,,"false",,,"false",,,"false",,,"false",,,"false",,,"false",,,"false",,,"false",,,"false",,,"false",,,"false",,,"false",,,"false",,,"false",,,"false",,,"false",,,"false",,,"false",,,"false",,,"false",,,"false",,,"false",,,"false",,,"false",,,"false",,,"false",,,"false",,,"false",,,"false",,,"false",,
"num_robos","2",,,"2",,,"2",,,"2",,,"2",,,"2",,,"2",,,"2",,,"2",,,"2",,,"2",,,"2",,,"2",,,"2",,,"2",,,"2",,,"2",,,"2",,,"2",,,"2",,,"2",,,"2",,,"2",,,"2",,,"2",,,"2",,,"2",,,"2",,,"2",,,"2",,,"2",,,"2",,,"2",,,"2",,,"2",,,"2",,,"2",,,"2",,,"2",,,"2",,,"2",,,"2",,,"2",,,"2",,,"2",,,"2",,,"2",,,"2",,,"2",,,"2",,,"2",,,"2",,,"2",,,"2",,,"2",,,"2",,,"2",,,"2",,,"2",,,"2",,,"2",,,"2",,,"2",,,"2",,,"2",,,"2",,,"2",,,"2",,,"2",,,"2",,,"2",,,"2",,,"2",,,"2",,,"2",,,"2",,,"2",,,"2",,,"2",,,"2",,,"2",,,"2",,,"2",,,"2",,,"2",,,"2",,,"2",,,"2",,,"2",,,"2",,,"5",,,"5",,,"5",,,"5",,,"5",,,"5",,,"5",,,"5",,,"5",,,"5",,,"5",,,"5",,,"5",,,"5",,,"5",,,"5",,,"5",,,"5",,,"5",,,"5",,,"5",,,"5",,,"5",,,"5",,,"5",,,"5",,,"5",,,"5",,,"5",,,"5",,,"5",,,"5",,,"5",,,"5",,,"5",,,"5",,,"5",,,"5",,,"5",,,"5",,,"5",,,"5",,,"5",,,"5",,,"5",,,"5",,,"5",,,"5",,,"5",,,"5",,,"5",,,"5",,,"5",,,"5",,,"5",,,"5",,,"5",,,"5",,,"5",,,"5",,,"5",,,"5",,,"5",,,"5",,,"5",,,"5",,,"5",,,"5",,,"5",,,"5",,,"5",,,"5",,,"5",,,"5",,,"5",,,"5",,,"5",,,"5",,,"5",,,"5",,,"5",,,"5",,,"5",,,"5",,,"5",,,"5",,,"5",,,"5",,,"5",,,"5",,
"low_batery","30",,,"30",,,"30",,,"30",,,"30",,,"30",,,"30",,,"30",,,"30",,,"30",,,"30",,,"30",,,"30",,,"30",,,"30",,,"30",,,"30",,,"30",,,"30",,,"30",,,"30",,,"30",,,"30",,,"30",,,"30",,,"30",,,"30",,,"30",,,"30",,,"30",,,"30",,,"30",,,"30",,,"30",,,"30",,,"30",,,"30",,,"30",,,"30",,,"30",,,"30",,,"30",,,"30",,,"30",,,"30",,,"30",,,"30",,,"30",,,"30",,,"30",,,"30",,,"30",,,"30",,,"30",,,"30",,,"30",,,"30",,,"30",,,"30",,,"30",,,"30",,,"30",,,"30",,,"30",,,"30",,,"30",,,"30",,,"30",,,"30",,,"30",,,"30",,,"30",,,"30",,,"30",,,"30",,,"30",,,"30",,,"30",,,"30",,,"30",,,"30",,,"30",,,"30",,,"30",,,"30",,,"30",,,"30",,,"30",,,"30",,,"30",,,"30",,,"30",,,"30",,,"30",,,"30",,,"30",,,"30",,,"30",,,"30",,,"30",,,"30",,,"30",,,"30",,,"30",,,"30",,,"30",,,"30",,,"30",,,"30",,,"30",,,"30",,,"30",,,"30",,,"30",,,"30",,,"30",,,"30",,,"30",,,"30",,,"30",,,"30",,,"30",,,"30",,,"30",,,"30",,,"30",,,"30",,,"30",,,"30",,,"30",,,"30",,,"30",,,"30",,,"30",,,"30",,,"30",,,"30",,,"30",,,"30",,,"30",,,"30",,,"30",,,"30",,,"30",,,"30",,,"30",,,"30",,,"30",,,"30",,,"30",,,"30",,,"30",,,"30",,,"30",,,"30",,,"30",,,"30",,,"30",,,"30",,,"30",,,"30",,,"30",,,"30",,,"30",,,"30",,,"30",,,"30",,,"30",,,"30",,,"30",,,"30",,,"30",,,"30",,,"30",,,"30",,,"30",,,"30",,,"30",,,"30",,,"30",,
"time_desp","1",,,"1",,,"1",,,"1",,,"1",,,"1",,,"1",,,"1",,,"1",,,"1",,,"1",,,"1",,,"1",,,"1",,,"1",,,"1",,,"1",,,"1",,,"1",,,"1",,,"1",,,"1",,,"1",,,"1",,,"1",,,"1",,,"1",,,"1",,,"1",,,"1",,,"1",,,"1",,,"1",,,"1",,,"1",,,"1",,,"1",,,"1",,,"1",,,"1",,,"1",,,"1",,,"1",,,"1",,,"1",,,"1",,,"1",,,"1",,,"1",,,"1",,,"1",,,"1",,,"1",,,"1",,,"1",,,"1",,,"1",,,"1",,,"1",,,"1",,,"1",,,"1",,,"1",,,"1",,,"1",,,"1",,,"1",,,"1",,,"1",,,"1",,,"1",,,"1",,,"1",,,"1",,,"1",,,"1",,,"1",,,"1",,,"1",,,"1",,,"1",,,"1",,,"1",,,"1",,,"1",,,"1",,,"1",,,"1",,,"1",,,"1",,,"1",,,"1",,,"1",,,"1",,,"1",,,"1",,,"1",,,"1",,,"1",,,"1",,,"1",,,"1",,,"1",,,"1",,,"1",,,"1",,,"1",,,"1",,,"1",,,"1",,,"1",,,"1",,,"1",,,"1",,,"1",,,"1",,,"1",,,"1",,,"1",,,"1",,,"1",,,"1",,,"1",,,"1",,,"1",,,"1",,,"1",,,"1",,,"1",,,"1",,,"1",,,"1",,,"1",,,"1",,,"1",,,"1",,,"1",,,"1",,,"1",,,"1",,,"1",,,"1",,,"1",,,"1",,,"1",,,"1",,,"1",,,"1",,,"1",,,"1",,,"1",,,"1",,,"1",,,"1",,,"1",,,"1",,,"1",,,"1",,,"1",,,"1",,,"1",,,"1",,,"1",,,"1",,,"1",,,"1",,,"1",,,"1",,,"1",,,"1",,,"1",,,"1",,,"1",,,"1",,,"1",,,"1",,,"1",,,"1",,,"1",,,"1",,
"robo-eficiente?","false",,,"false",,,"false",,,"false",,,"false",,,"false",,,"false",,,"false",,,"false",,,"false",,,"false",,,"false",,,"false",,,"false",,,"false",,,"false",,,"false",,,"false",,,"false",,,"false",,,"false",,,"false",,,"false",,,"false",,,"false",,,"false",,,"false",,,"false",,,"false",,,"false",,,"false",,,"false",,,"false",,,"false",,,"false",,,"false",,,"false",,,"false",,,"false",,,"false",,,"false",,,"false",,,"false",,,"false",,,"false",,,"false",,,"false",,,"false",,,"false",,,"false",,,"false",,,"false",,,"false",,,"false",,,"false",,,"false",,,"false",,,"false",,,"false",,,"false",,,"false",,,"false",,,"false",,,"false",,,"false",,,"false",,,"false",,,"false",,,"false",,,"false",,,"false",,,"false",,,"false",,,"false",,,"false",,,"false",,,"false",,,"false",,,"false",,,"false",,,"false",,,"false",,,"false",,,"false",,,"false",,,"false",,,"false",,,"false",,,"false",,,"false",,,"false",,,"false",,,"false",,,"false",,,"false",,,"false",,,"false",,,"false",,,"false",,,"false",,,"false",,,"false",,,"false",,,"false",,,"false",,,"false",,,"false",,,"false",,,"false",,,"false",,,"false",,,"false",,,"false",,,"false",,,"false",,,"false",,,"false",,,"false",,,"false",,,"false",,,"false",,,"false",,,"false",,,"false",,,"false",,,"false",,,"false",,,"false",,,"false",,,"false",,,"false",,,"false",,,"false",,,"false",,,"false",,,"false",,,"false",,,"false",,,"false",,,"false",,,"false",,,"false",,,"false",,,"false",,,"false",,,"false",,,"false",,,"false",,,"false",,,"false",,,"false",,,"false",,,"false",,,"false",,,"false",,,"false",,,"false",,,"false",,,"false",,,"false",,,"false",,,"false",,,"false",,,"false",,,"false",,,"false",,,"false",,,"false",,,"false",,,"false",,,"false",,,"false",,,"false",,,"false",,,"false",,,"false",,,"false",,,"false",,,"false",,,"false",,
"agua","0",,,"0",,,"0",,,"0",,,"0",,,"0",,,"0",,,"0",,,"0",,,"0",,,"0",,,"0",,,"0",,,"0",,,"0",,,"0",,,"0",,,"0",,,"0",,,"0",,,"0",,,"0",,,"0",,,"0",,,"0",,,"0",,,"0",,,"0",,,"0",,,"0",,,"0",,,"0",,,"0",,,"0",,,"0",,,"0",,,"0",,,"0",,,"0",,,"0",,,"0",,,"0",,,"0",,,"0",,,"0",,,"0",,,"0",,,"0",,,"0",,,"0",,,"0",,,"0",,,"0",,,"0",,,"0",,,"0",,,"0",,,"0",,,"0",,,"0",,,"0",,,"0",,,"0",,,"0",,,"0",,,"0",,,"0",,,"0",,,"0",,,"0",,,"0",,,"0",,,"0",,,"0",,,"0",,,"0",,,"0",,,"0",,,"0",,,"0",,,"0",,,"0",,,"0",,,"0",,,"0",,,"0",,,"0",,,"0",,,"0",,,"0",,,"0",,,"0",,,"0",,,"0",,,"0",,,"0",,,"0",,,"0",,,"0",,,"0",,,"0",,,"0",,,"0",,,"0",,,"0",,,"0",,,"0",,,"0",,,"0",,,"0",,,"0",,,"0",,,"0",,,"0",,,"0",,,"0",,,"0",,,"0",,,"0",,,"0",,,"0",,,"0",,,"0",,,"0",,,"0",,,"0",,,"0",,,"0",,,"0",,,"0",,,"0",,,"0",,,"0",,,"0",,,"0",,,"0",,,"0",,,"0",,,"0",,,"0",,,"0",,,"0",,,"0",,,"0",,,"0",,,"0",,,"0",,,"0",,,"0",,,"0",,,"0",,,"0",,,"0",,,"0",,,"0",,,"0",,,"0",,,"0",,,"0",,,"0",,,"0",,,"0",,,"0",,,"0",,,"0",,,"0",,,"0",,,"0",,,"0",,,"0",,,"0",,,"0",,,"0",,,"0",,,"0",,,"0",,,"0",,,"0",,,"0",,,"0",,
"lixo","20",,,"20",,,"20",,,"20",,,"20",,,"20",,,"20",,,"20",,,"20",,,"20",,,"20",,,"20",,,"20",,,"20",,,"20",,,"20",,,"20",,,"20",,,"20",,,"20",,,"20",,,"20",,,"20",,,"20",,,"20",,,"20",,,"20",,,"20",,,"20",,,"20",,,"40",,,"40",,,"40",,,"40",,,"40",,,"40",,,"40",,,"40",,,"40",,,"40",,,"40",,,"40",,,"40",,,"40",,,"40",,,"40",,,"40",,,"40",,,"40",,,"40",,,"40",,,"40",,,"40",,,"40",,,"40",,,"40",,,"40",,,"40",,,"40",,,"40",,,"60",,,"60",,,"60",,,"60",,,"60",,,"60",,,"60",,,"60",,,"60",,,"60",,,"60",,,"60",,,"60",,,"60",,,"60",,,"60",,,"60",,,"60",,,"60",,,"60",,,"60",,,"60",,,"60",,,"60",,,"60",,,"60",,,"60",,,"60",,,"60",,,"60",,,"20",,,"20",,,"20",,,"20",,,"20",,,"20",,,"20",,,"20",,,"20",,,"20",,,"20",,,"20",,,"20",,,"20",,,"20",,,"20",,,"20",,,"20",,,"20",,,"20",,,"20",,,"20",,,"20",,,"20",,,"20",,,"20",,,"20",,,"20",,,"20",,,"20",,,"40",,,"40",,,"40",,,"40",,,"40",,,"40",,,"40",,,"40",,,"40",,,"40",,,"40",,,"40",,,"40",,,"40",,,"40",,,"40",,,"40",,,"40",,,"40",,,"40",,,"40",,,"40",,,"40",,,"40",,,"40",,,"40",,,"40",,,"40",,,"40",,,"40",,,"60",,,"60",,,"60",,,"60",,,"60",,,"60",,,"60",,,"60",,,"60",,,"60",,,"60",,,"60",,,"60",,,"60",,,"60",,,"60",,,"60",,,"60",,,"60",,,"60",,,"60",,,"60",,,"60",,,"60",,,"60",,,"60",,,"60",,,"60",,,"60",,,"60",,
"Diagonal","true",,,"true",,,"true",,,"true",,,"true",,,"true",,,"true",,,"true",,,"true",,,"true",,,"true",,,"true",,,"true",,,"true",,,"true",,,"true",,,"true",,,"true",,,"true",,,"true",,,"true",,,"true",,,"true",,,"true",,,"true",,,"true",,,"true",,,"true",,,"true",,,"true",,,"true",,,"true",,,"true",,,"true",,,"true",,,"true",,,"true",,,"true",,,"true",,,"true",,,"true",,,"true",,,"true",,,"true",,,"true",,,"true",,,"true",,,"true",,,"true",,,"true",,,"true",,,"true",,,"true",,,"true",,,"true",,,"true",,,"true",,,"true",,,"true",,,"true",,,"true",,,"true",,,"true",,,"true",,,"true",,,"true",,,"true",,,"true",,,"true",,,"true",,,"true",,,"true",,,"true",,,"true",,,"true",,,"true",,,"true",,,"true",,,"true",,,"true",,,"true",,,"true",,,"true",,,"true",,,"true",,,"true",,,"true",,,"true",,,"true",,,"true",,,"true",,,"true",,,"true",,,"true",,,"true",,,"true",,,"true",,,"true",,,"true",,,"true",,,"true",,,"true",,,"true",,,"true",,,"true",,,"true",,,"true",,,"true",,,"true",,,"true",,,"true",,,"true",,,"true",,,"true",,,"true",,,"true",,,"true",,,"true",,,"true",,,"true",,,"true",,,"true",,,"true",,,"true",,,"true",,,"true",,,"true",,,"true",,,"true",,,"true",,,"true",,,"true",,,"true",,,"true",,,"true",,,"true",,,"true",,,"true",,,"true",,,"true",,,"true",,,"true",,,"true",,,"true",,,"true",,,"true",,,"true",,,"true",,,"true",,,"true",,,"true",,,"true",,,"true",,,"true",,,"true",,,"true",,,"true",,,"true",,,"true",,,"true",,,"true",,,"true",,,"true",,,"true",,,"true",,,"true",,,"true",,,"true",,,"true",,,"true",,,"true",,,"true",,,"true",,,"true",,,"true",,,"true",,,"true",,,"true",,,"true",,,"true",,
"time_charge","1",,,"1",,,"1",,,"1",,,"1",,,"1",,,"1",,,"1",,,"1",,,"1",,,"1",,,"1",,,"1",,,"1",,,"1",,,"1",,,"1",,,"1",,,"1",,,"1",,,"1",,,"1",,,"1",,,"1",,,"1",,,"1",,,"1",,,"1",,,"1",,,"1",,,"1",,,"1",,,"1",,,"1",,,"1",,,"1",,,"1",,,"1",,,"1",,,"1",,,"1",,,"1",,,"1",,,"1",,,"1",,,"1",,,"1",,,"1",,,"1",,,"1",,,"1",,,"1",,,"1",,,"1",,,"1",,,"1",,,"1",,,"1",,,"1",,,"1",,,"1",,,"1",,,"1",,,"1",,,"1",,,"1",,,"1",,,"1",,,"1",,,"1",,,"1",,,"1",,,"1",,,"1",,,"1",,,"1",,,"1",,,"1",,,"1",,,"1",,,"1",,,"1",,,"1",,,"1",,,"1",,,"1",,,"1",,,"1",,,"1",,,"1",,,"1",,,"1",,,"1",,,"1",,,"1",,,"1",,,"1",,,"1",,,"1",,,"1",,,"1",,,"1",,,"1",,,"1",,,"1",,,"1",,,"1",,,"1",,,"1",,,"1",,,"1",,,"1",,,"1",,,"1",,,"1",,,"1",,,"1",,,"1",,,"1",,,"1",,,"1",,,"1",,,"1",,,"1",,,"1",,,"1",,,"1",,,"1",,,"1",,,"1",,,"1",,,"1",,,"1",,,"1",,,"1",,,"1",,,"1",,,"1",,,"1",,,"1",,,"1",,,"1",,,"1",,,"1",,,"1",,,"1",,,"1",,,"1",,,"1",,,"1",,,"1",,,"1",,,"1",,,"1",,,"1",,,"1",,,"1",,,"1",,,"1",,,"1",,,"1",,,"1",,,"1",,,"1",,,"1",,,"1",,,"1",,,"1",,,"1",,,"1",,,"1",,,"1",,,"1",,,"1",,,"1",,,"1",,,"1",,,"1",,,"1",,,"1",,
"capacidade","50",,,"50",,,"50",,,"50",,,"50",,,"50",,,"50",,,"50",,,"50",,,"50",,,"50",,,"50",,,"50",,,"50",,,"50",,,"100",,,"100",,,"100",,,"100",,,"100",,,"100",,,"100",,,"100",,,"100",,,"100",,,"100",,,"100",,,"100",,,"100",,,"100",,,"50",,,"50",,,"50",,,"50",,,"50",,,"50",,,"50",,,"50",,,"50",,,"50",,,"50",,,"50",,,"50",,,"50",,,"50",,,"100",,,"100",,,"100",,,"100",,,"100",,,"100",,,"100",,,"100",,,"100",,,"100",,,"100",,,"100",,,"100",,,"100",,,"100",,,"50",,,"50",,,"50",,,"50",,,"50",,,"50",,,"50",,,"50",,,"50",,,"50",,,"50",,,"50",,,"50",,,"50",,,"50",,,"100",,,"100",,,"100",,,"100",,,"100",,,"100",,,"100",,,"100",,,"100",,,"100",,,"100",,,"100",,,"100",,,"100",,,"100",,,"50",,,"50",,,"50",,,"50",,,"50",,,"50",,,"50",,,"50",,,"50",,,"50",,,"50",,,"50",,,"50",,,"50",,,"50",,,"100",,,"100",,,"100",,,"100",,,"100",,,"100",,,"100",,,"100",,,"100",,,"100",,,"100",,,"100",,,"100",,,"100",,,"100",,,"50",,,"50",,,"50",,,"50",,,"50",,,"50",,,"50",,,"50",,,"50",,,"50",,,"50",,,"50",,,"50",,,"50",,,"50",,,"100",,,"100",,,"100",,,"100",,,"100",,,"100",,,"100",,,"100",,,"100",,,"100",,,"100",,,"100",,,"100",,,"100",,,"100",,,"50",,,"50",,,"50",,,"50",,,"50",,,"50",,,"50",,,"50",,,"50",,,"50",,,"50",,,"50",,,"50",,,"50",,,"50",,,"100",,,"100",,,"100",,,"100",,,"100",,,"100",,,"100",,,"100",,,"100",,,"100",,,"100",,,"100",,,"100",,,"100",,,"100",,
"[total steps]","76","76","76","56","56","56","81","81","81","51","51","51","56","56","56","57","57","57","52","52","52","59","59","59","56","56","56","55","55","55","74","74","74","57","57","57","57","57","57","55","55","55","53","53","53","54","54","54","55","55","55","65","65","65","54","54","54","140","140","140","52","52","52","132","132","132","101","101","101","51","51","51","165","165","165","53","53","53","57","57","57","52","52","52","96","96","96","95","95","95","53","53","53","89","89","89","79","79","79","54","54","54","56","56","56","52","52","52","54","54","54","53","53","53","90","90","90","57","57","57","133","133","133","76","76","76","52","52","52","55","55","55","55","55","55","60","60","60","52","52","52","59","59","59","95","95","95","55","55","55","58","58","58","53","53","53","95","95","95","80","80","80","51","51","51","144","144","144","52","52","52","53","53","53","62","62","62","143","143","143","55","55","55","51","51","51","62","62","62","54","54","54","56","56","56","52","52","52","52","52","52","96","96","96","56","56","56","56","56","56","98","98","98","53","53","53","55","55","55","56","56","56","51","51","51","53","53","53","95","95","95","52","52","52","88","88","88","57","57","57","55","55","55","54","54","54","52","52","52","73","73","73","59","59","59","83","83","83","52","52","52","51","51","51","78","78","78","53","53","53","58","58","58","105","105","105","54","54","54","93","93","93","99","99","99","56","56","56","56","56","56","56","56","56","119","119","119","272","272","272","105","105","105","54","54","54","118","118","118","96","96","96","53","53","53","91","91","91","60","60","60","61","61","61","86","86","86","77","77","77","97","97","97","84","84","84","56","56","56","54","54","54","134","134","134","70","70","70","93","93","93","165","165","165","57","57","57","60","60","60","55","55","55","134","134","134","75","75","75","52","52","52","149","149","149","76","76","76","79","79","79","66","66","66","121","121","121","87","87","87","56","56","56","85","85","85","55","55","55","86","86","86","121","121","121","75","75","75","82","82","82","57","57","57","105","105","105","75","75","75","82","82","82","72","72","72","52","52","52","78","78","78","106","106","106","81","81","81","81","81","81","95","95","95","54","54","54","93","93","93","101","101","101","79","79","79","81","81","81","190","190","190","107","107","107","82","82","82","54","54","54","118","118","118","55","55","55","54","54","54","92","92","92","53","53","53","84","84","84","55","55","55","53","53","53","102","102","102","94","94","94","105","105","105","61","61","61","79","79","79","107","107","107","54","54","54","60","60","60","57","57","57","137","137","137","58","58","58","124","124","124","97","97","97","59","59","59","52","52","52"

"[final value]","[step]","count patches with [pcolor = red]","ticks","[step]","count patches with [pcolor = red]","ticks","[step]","count patches with [pcolor = red]","ticks","[step]","count patches with [pcolor = red]","ticks","[step]","count patches with [pcolor = red]","ticks","[step]","count patches with [pcolor = red]","ticks","[step]","count patches with [pcolor = red]","ticks","[step]","count patches with [pcolor = red]","ticks","[step]","count patches with [pcolor = red]","ticks","[step]","count patches with [pcolor = red]","ticks","[step]","count patches with [pcolor = red]","ticks","[step]","count patches with [pcolor = red]","ticks","[step]","count patches with [pcolor = red]","ticks","[step]","count patches with [pcolor = red]","ticks","[step]","count patches with [pcolor = red]","ticks","[step]","count patches with [pcolor = red]","ticks","[step]","count patches with [pcolor = red]","ticks","[step]","count patches with [pcolor = red]","ticks","[step]","count patches with [pcolor = red]","ticks","[step]","count patches with [pcolor = red]","ticks","[step]","count patches with [pcolor = red]","ticks","[step]","count patches with [pcolor = red]","ticks","[step]","count patches with [pcolor = red]","ticks","[step]","count patches with [pcolor = red]","ticks","[step]","count patches with [pcolor = red]","ticks","[step]","count patches with [pcolor = red]","ticks","[step]","count patches with [pcolor = red]","ticks","[step]","count patches with [pcolor = red]","ticks","[step]","count patches with [pcolor = red]","ticks","[step]","count patches with [pcolor = red]","ticks","[step]","count patches with [pcolor = red]","ticks","[step]","count patches with [pcolor = red]","ticks","[step]","count patches with [pcolor = red]","ticks","[step]","count patches with [pcolor = red]","ticks","[step]","count patches with [pcolor = red]","ticks","[step]","count patches with [pcolor = red]","ticks","[step]","count patches with [pcolor = red]","ticks","[step]","count patches with [pcolor = red]","ticks","[step]","count patches with [pcolor = red]","ticks","[step]","count patches with [pcolor = red]","ticks","[step]","count patches with [pcolor = red]","ticks","[step]","count patches with [pcolor = red]","ticks","[step]","count patches with [pcolor = red]","ticks","[step]","count patches with [pcolor = red]","ticks","[step]","count patches with [pcolor = red]","ticks","[step]","count patches with [pcolor = red]","ticks","[step]","count patches with [pcolor = red]","ticks","[step]","count patches with [pcolor = red]","ticks","[step]","count patches with [pcolor = red]","ticks","[step]","count patches with [pcolor = red]","ticks","[step]","count patches with [pcolor = red]","ticks","[step]","count patches with [pcolor = red]","ticks","[step]","count patches with [pcolor = red]","ticks","[step]","count patches with [pcolor = red]","ticks","[step]","count patches with [pcolor = red]","ticks","[step]","count patches with [pcolor = red]","ticks","[step]","count patches with [pcolor = red]","ticks","[step]","count patches with [pcolor = red]","ticks","[step]","count patches with [pcolor = red]","ticks","[step]","count patches with [pcolor = red]","ticks","[step]","count patches with [pcolor = red]","ticks","[step]","count patches with [pcolor = red]","ticks","[step]","count patches with [pcolor = red]","ticks","[step]","count patches with [pcolor = red]","ticks","[step]","count patches with [pcolor = red]","ticks","[step]","count patches with [pcolor = red]","ticks","[step]","count patches with [pcolor = red]","ticks","[step]","count patches with [pcolor = red]","ticks","[step]","count patches with [pcolor = red]","ticks","[step]","count patches with [pcolor = red]","ticks","[step]","count patches with [pcolor = red]","ticks","[step]","count patches with [pcolor = red]","ticks","[step]","count patches with [pcolor = red]","ticks","[step]","count patches with [pcolor = red]","ticks","[step]","count patches with [pcolor = red]","ticks","[step]","count patches with [pcolor = red]","ticks","[step]","count patches with [pcolor = red]","ticks","[step]","count patches with [pcolor = red]","ticks","[step]","count patches with [pcolor = red]","ticks","[step]","count patches with [pcolor = red]","ticks","[step]","count patches with [pcolor = red]","ticks","[step]","count patches with [pcolor = red]","ticks","[step]","count patches with [pcolor = red]","ticks","[step]","count patches with [pcolor = red]","ticks","[step]","count patches with [pcolor = red]","ticks","[step]","count patches with [pcolor = red]","ticks","[step]","count patches with [pcolor = red]","ticks","[step]","count patches with [pcolor = red]","ticks","[step]","count patches with [pcolor = red]","ticks","[step]","count patches with [pcolor = red]","ticks","[step]","count patches with [pcolor = red]","ticks","[step]","count patches with [pcolor = red]","ticks","[step]","count patches with [pcolor = red]","ticks","[step]","count patches with [pcolor = red]","ticks","[step]","count patches with [pcolor = red]","ticks","[step]","count patches with [pcolor = red]","ticks","[step]","count patches with [pcolor = red]","ticks","[step]","count patches with [pcolor = red]","ticks","[step]","count patches with [pcolor = red]","ticks","[step]","count patches with [pcolor = red]","ticks","[step]","count patches with [pcolor = red]","ticks","[step]","count patches with [pcolor = red]","ticks","[step]","count patches with [pcolor = red]","ticks","[step]","count patches with [pcolor = red]","ticks","[step]","count patches with [pcolor = red]","ticks","[step]","count patches with [pcolor = red]","ticks","[step]","count patches with [pcolor = red]","ticks","[step]","count patches with [pcolor = red]","ticks","[step]","count patches with [pcolor = red]","ticks","[step]","count patches with [pcolor = red]","ticks","[step]","count patches with [pcolor = red]","ticks","[step]","count patches with [pcolor = red]","ticks","[step]","count patches with [pcolor = red]","ticks","[step]","count patches with [pcolor = red]","ticks","[step]","count patches with [pcolor = red]","ticks","[step]","count patches with [pcolor = red]","ticks","[step]","count patches with [pcolor = red]","ticks","[step]","count patches with [pcolor = red]","ticks","[step]","count patches with [pcolor = red]","ticks","[step]","count patches with [pcolor = red]","ticks","[step]","count patches with [pcolor = red]","ticks","[step]","count patches with [pcolor = red]","ticks","[step]","count patches with [pcolor = red]","ticks","[step]","count patches with [pcolor = red]","ticks","[step]","count patches with [pcolor = red]","ticks","[step]","count patches with [pcolor = red]","ticks","[step]","count patches with [pcolor = red]","ticks","[step]","count patches with [pcolor = red]","ticks","[step]","count patches with [pcolor = red]","ticks","[step]","count patches with [pcolor = red]","ticks","[step]","count patches with [pcolor = red]","ticks","[step]","count patches with [pcolor = red]","ticks","[step]","count patches with [pcolor = red]","ticks","[step]","count patches with [pcolor = red]","ticks","[step]","count patches with [pcolor = red]","ticks","[step]","count patches with [pcolor = red]","ticks","[step]","count patches with [pcolor = red]","ticks","[step]","count patches with [pcolor = red]","ticks","[step]","count patches with [pcolor = red]","ticks","[step]","count patches with [pcolor = red]","ticks","[step]","count patches with [pcolor = red]","ticks","[step]","count patches with [pcolor = red]","ticks","[step]","count patches with [pcolor = red]","ticks","[step]","count patches with [pcolor = red]","ticks","[step]","count patches with [pcolor = red]","ticks","[step]","count patches with [pcolor = red]","ticks","[step]","count patches with [pcolor = red]","ticks","[step]","count patches with [pcolor = red]","ticks","[step]","count patches with [pcolor = red]","ticks","[step]","count patches with [pcolor = red]","ticks","[step]","count patches with [pcolor = red]","ticks","[step]","count patches with [pcolor = red]","ticks","[step]","count patches with [pcolor = red]","ticks","[step]","count patches with [pcolor = red]","ticks","[step]","count patches with [pcolor = red]","ticks","[step]","count patches with [pcolor = red]","ticks","[step]","count patches with [pcolor = red]","ticks","[step]","count patches with [pcolor = red]","ticks","[step]","count patches with [pcolor = red]","ticks","[step]","count patches with [pcolor = red]","ticks","[step]","count patches with [pcolor = red]","ticks","[step]","count patches with [pcolor = red]","ticks","[step]","count patches with [pcolor = red]","ticks","[step]","count patches with [pcolor = red]","ticks","[step]","count patches with [pcolor = red]","ticks","[step]","count patches with [pcolor = red]","ticks","[step]","count patches with [pcolor = red]","ticks","[step]","count patches with [pcolor = red]","ticks","[step]","count patches with [pcolor = red]","ticks","[step]","count patches with [pcolor = red]","ticks","[step]","count patches with [pcolor = red]","ticks","[step]","count patches with [pcolor = red]","ticks","[step]","count patches with [pcolor = red]","ticks","[step]","count patches with [pcolor = red]","ticks","[step]","count patches with [pcolor = red]","ticks","[step]","count patches with [pcolor = red]","ticks","[step]","count patches with [pcolor = red]","ticks","[step]","count patches with [pcolor = red]","ticks","[step]","count patches with [pcolor = red]","ticks","[step]","count patches with [pcolor = red]","ticks"
,"76","196","76","56","201","56","81","196","81","51","202","51","56","195","56","57","197","57","52","198","52","59","202","59","56","195","56","55","202","55","74","195","74","57","194","57","57","196","57","55","207","55","53","199","53","54","208","54","55","200","55","65","206","65","54","209","54","140","191","140","52","194","52","132","191","132","101","197","101","51","207","51","165","192","165","53","205","53","57","202","57","52","200","52","96","192","96","95","192","95","53","410","53","89","397","89","79","392","79","54","410","54","56","401","56","52","405","52","54","408","54","53","409","53","90","400","90","57","402","57","133","374","133","76","394","76","52","408","52","55","413","55","55","410","55","60","403","60","52","414","52","59","403","59","95","376","95","55","410","55","58","416","58","53","408","53","95","393","95","80","401","80","51","403","51","144","380","144","52","406","52","53","404","53","62","403","62","143","378","143","55","618","55","51","619","51","62","622","62","54","619","54","56","619","56","52","617","52","52","621","52","96","603","96","56","624","56","56","621","56","98","593","98","53","623","53","55","619","55","56","622","56","51","617","51","53","619","53","95","602","95","52","616","52","88","611","88","57","619","57","55","614","55","54","625","54","52","615","52","73","601","73","59","624","59","83","605","83","52","615","52","51","617","51","78","604","78","53","616","53","58","188","58","105","175","105","54","185","54","93","162","93","99","187","99","56","176","56","56","178","56","56","170","56","119","171","119","272","154","272","105","173","105","54","163","54","118","156","118","96","172","96","53","183","53","91","182","91","60","171","60","61","174","61","86","179","86","77","178","77","97","163","97","84","173","84","56","185","56","54","177","54","134","160","134","70","178","70","93","177","93","165","154","165","57","175","57","60","180","60","55","364","55","134","349","134","75","354","75","52","366","52","149","314","149","76","352","76","79","341","79","66","366","66","121","340","121","87","349","87","56","361","56","85","351","85","55","356","55","86","326","86","121","350","121","75","339","75","82","361","82","57","366","57","105","365","105","75","345","75","82","362","82","72","374","72","52","373","52","78","343","78","106","340","106","81","353","81","81","359","81","95","351","95","54","359","54","93","356","93","101","571","101","79","549","79","81","550","81","190","516","190","107","540","107","82","533","82","54","564","54","118","512","118","55","565","55","54","572","54","92","551","92","53","564","53","84","554","84","55","566","55","53","564","53","102","573","102","94","556","94","105","523","105","61","579","61","79","549","79","107","543","107","54","571","54","60","565","60","57","565","57","137","521","137","58","569","58","124","549","124","97","535","97","59","572","59","52","567","52"
